path	kind	reuse_action	status	evidence	notes
buttons/DefineButton2_1290/1.png	image_asset_numeric_id	reuse_with_symbol_mapping	pending		
buttons/DefineButton2_2187/1.png	image_asset_numeric_id	reuse_with_symbol_mapping	pending		
buttons/DefineButton2_2189/1.png	image_asset_numeric_id	reuse_with_symbol_mapping	pending		
buttons/DefineButton2_2723/1.png	image_asset_numeric_id	reuse_with_symbol_mapping	pending		
buttons/DefineButton2_2864/1.png	image_asset_numeric_id	reuse_with_symbol_mapping	pending		
fonts/1764_GROBOLD.ttf	font_asset	reuse_after_license_check	pending		
fonts/2465_Verdana.ttf	font_asset	reuse_after_license_check	pending		
fonts/2488_Verdana.ttf	font_asset	reuse_after_license_check	pending		
fonts/2491_GROBOLDpro.ttf	font_asset	reuse_after_license_check	pending		
fonts/2960_Verdana Bold.ttf	font_asset	reuse_after_license_check	pending		
fonts/3014_Verdana.ttf	font_asset	reuse_after_license_check	pending		
fonts/3057_Groboldov Bold.ttf	font_asset	reuse_after_license_check	pending		
fonts/31_Groboldov.ttf	font_asset	reuse_after_license_check	pending		
fonts/36_Verdana.ttf	font_asset	reuse_after_license_check	pending		
fonts/4_Verdana.ttf	font_asset	reuse_after_license_check	pending		
frames/1.png	image_asset_numeric_id	reuse_with_symbol_mapping	pending		
images/1136.png	image_asset_numeric_id	reuse_with_symbol_mapping	pending		
images/1139.png	image_asset_numeric_id	reuse_with_symbol_mapping	pending		
images/1141.png	image_asset_numeric_id	reuse_with_symbol_mapping	pending		
images/1143.png	image_asset_numeric_id	reuse_with_symbol_mapping	pending		
images/1146.png	image_asset_numeric_id	reuse_with_symbol_mapping	pending		
images/1149.png	image_asset_numeric_id	reuse_with_symbol_mapping	pending		
images/1151.png	image_asset_numeric_id	reuse_with_symbol_mapping	pending		
images/1153.png	image_asset_numeric_id	reuse_with_symbol_mapping	pending		
images/1168.png	image_asset_numeric_id	reuse_with_symbol_mapping	pending		
images/1237.png	image_asset_numeric_id	reuse_with_symbol_mapping	pending		
images/1266.jpg	image_asset_numeric_id	reuse_with_symbol_mapping	pending		
images/1282.png	image_asset_numeric_id	reuse_with_symbol_mapping	pending		
images/129.png	image_asset_numeric_id	reuse_with_symbol_mapping	pending		
images/131.png	image_asset_numeric_id	reuse_with_symbol_mapping	pending		
images/136.png	image_asset_numeric_id	reuse_with_symbol_mapping	pending		
images/144.png	image_asset_numeric_id	reuse_with_symbol_mapping	pending		
images/146.png	image_asset_numeric_id	reuse_with_symbol_mapping	pending		
images/1464.jpg	image_asset_numeric_id	reuse_with_symbol_mapping	pending		
images/1466.png	image_asset_numeric_id	reuse_with_symbol_mapping	pending		
images/148.png	image_asset_numeric_id	reuse_with_symbol_mapping	pending		
images/1485.png	image_asset_numeric_id	reuse_with_symbol_mapping	pending		
images/152.png	image_asset_numeric_id	reuse_with_symbol_mapping	pending		
images/1522.png	image_asset_numeric_id	reuse_with_symbol_mapping	pending		
images/1524.jpg	image_asset_numeric_id	reuse_with_symbol_mapping	pending		
images/1527.png	image_asset_numeric_id	reuse_with_symbol_mapping	pending		
images/1530.png	image_asset_numeric_id	reuse_with_symbol_mapping	pending		
images/154.png	image_asset_numeric_id	reuse_with_symbol_mapping	pending		
images/156.png	image_asset_numeric_id	reuse_with_symbol_mapping	pending		
images/1562.png	image_asset_numeric_id	reuse_with_symbol_mapping	pending		
images/1565_smoke1_smoke1.png	image_asset_semantic_name	reuse_via_atlas_pipeline	pending		
images/158.png	image_asset_numeric_id	reuse_with_symbol_mapping	pending		
images/160.jpg	image_asset_numeric_id	reuse_with_symbol_mapping	pending		
images/163.jpg	image_asset_numeric_id	reuse_with_symbol_mapping	pending		
images/165.jpg	image_asset_numeric_id	reuse_with_symbol_mapping	pending		
images/1667_bmp_healthbarsmall_bmp_healthbarsmall.png	image_asset_semantic_name	reuse_via_atlas_pipeline	pending		
images/167.jpg	image_asset_numeric_id	reuse_with_symbol_mapping	pending		
images/1670.jpg	image_asset_numeric_id	reuse_with_symbol_mapping	pending		
images/1672.jpg	image_asset_numeric_id	reuse_with_symbol_mapping	pending		
images/1674.jpg	image_asset_numeric_id	reuse_with_symbol_mapping	pending		
images/1676.jpg	image_asset_numeric_id	reuse_with_symbol_mapping	pending		
images/1678.jpg	image_asset_numeric_id	reuse_with_symbol_mapping	pending		
images/1680.jpg	image_asset_numeric_id	reuse_with_symbol_mapping	pending		
images/1683.png	image_asset_numeric_id	reuse_with_symbol_mapping	pending		
images/1685.png	image_asset_numeric_id	reuse_with_symbol_mapping	pending		
images/1687.png	image_asset_numeric_id	reuse_with_symbol_mapping	pending		
images/1689.png	image_asset_numeric_id	reuse_with_symbol_mapping	pending		
images/1691.png	image_asset_numeric_id	reuse_with_symbol_mapping	pending		
images/1693.png	image_asset_numeric_id	reuse_with_symbol_mapping	pending		
images/1699_frame_button_help_frame_button_help.png	image_asset_semantic_name	reuse_via_atlas_pipeline	pending		
images/1704_bmp_healthbarlarge_bmp_healthbarlarge.png	image_asset_semantic_name	reuse_via_atlas_pipeline	pending		
images/1705_bmp_overlaytext_bmp_overlaytext.png	image_asset_semantic_name	reuse_via_atlas_pipeline	pending		
images/1706_bmp_progressbarlarge_bmp_progressbarlarge.png	image_asset_semantic_name	reuse_via_atlas_pipeline	pending		
images/173.png	image_asset_numeric_id	reuse_with_symbol_mapping	pending		
images/1732.png	image_asset_numeric_id	reuse_with_symbol_mapping	pending		
images/177.png	image_asset_numeric_id	reuse_with_symbol_mapping	pending		
images/179.png	image_asset_numeric_id	reuse_with_symbol_mapping	pending		
images/181.png	image_asset_numeric_id	reuse_with_symbol_mapping	pending		
images/1816_bmd_burns_bmd_burns.png	image_asset_semantic_name	reuse_via_atlas_pipeline	pending		
images/1820_ParticleScorch1_ParticleScorch1.png	image_asset_semantic_name	reuse_via_atlas_pipeline	pending		
images/183.png	image_asset_numeric_id	reuse_with_symbol_mapping	pending		
images/1849.png	image_asset_numeric_id	reuse_with_symbol_mapping	pending		
images/185.png	image_asset_numeric_id	reuse_with_symbol_mapping	pending		
images/187.png	image_asset_numeric_id	reuse_with_symbol_mapping	pending		
images/189.png	image_asset_numeric_id	reuse_with_symbol_mapping	pending		
images/191.png	image_asset_numeric_id	reuse_with_symbol_mapping	pending		
images/1918.png	image_asset_numeric_id	reuse_with_symbol_mapping	pending		
images/1920.png	image_asset_numeric_id	reuse_with_symbol_mapping	pending		
images/1925.jpg	image_asset_numeric_id	reuse_with_symbol_mapping	pending		
images/1927.jpg	image_asset_numeric_id	reuse_with_symbol_mapping	pending		
images/193.png	image_asset_numeric_id	reuse_with_symbol_mapping	pending		
images/1944.jpg	image_asset_numeric_id	reuse_with_symbol_mapping	pending		
images/2045_frame2_bottom_right_frame2_bottom_right.png	image_asset_semantic_name	reuse_via_atlas_pipeline	pending		
images/2046_frame3_filler_right_frame3_filler_right.png	image_asset_semantic_name	reuse_via_atlas_pipeline	pending		
images/2047_frame2_filler_top_frame2_filler_top.png	image_asset_semantic_name	reuse_via_atlas_pipeline	pending		
images/2048_frame3_top_right_frame3_top_right.png	image_asset_semantic_name	reuse_via_atlas_pipeline	pending		
images/2049_frame3_background_frame3_background.jpg	image_asset_semantic_name	reuse_via_atlas_pipeline	pending		
images/2050_frame_button_close_frame_button_close.png	image_asset_semantic_name	reuse_via_atlas_pipeline	pending		
images/2051_frame2_top_right_frame2_top_right.png	image_asset_semantic_name	reuse_via_atlas_pipeline	pending		
images/2052_frame2_background_frame2_background.png	image_asset_semantic_name	reuse_via_atlas_pipeline	pending		
images/2053_frame2_top_left_frame2_top_left.png	image_asset_semantic_name	reuse_via_atlas_pipeline	pending		
images/2054_frame2_filler_bottom_frame2_filler_bottom.png	image_asset_semantic_name	reuse_via_atlas_pipeline	pending		
images/2055_frame3_top_left_frame3_top_left.png	image_asset_semantic_name	reuse_via_atlas_pipeline	pending		
images/2056_frame3_filler_left_frame3_filler_left.png	image_asset_semantic_name	reuse_via_atlas_pipeline	pending		
images/2057_frame3_filler_bottom_frame3_filler_bottom.png	image_asset_semantic_name	reuse_via_atlas_pipeline	pending		
images/2058_frame2_filler_right_frame2_filler_right.png	image_asset_semantic_name	reuse_via_atlas_pipeline	pending		
images/2059_frame2_filler_left_frame2_filler_left.png	image_asset_semantic_name	reuse_via_atlas_pipeline	pending		
images/2060_frame3_bottom_left_frame3_bottom_left.png	image_asset_semantic_name	reuse_via_atlas_pipeline	pending		
images/2061_frame2_bottom_left_frame2_bottom_left.png	image_asset_semantic_name	reuse_via_atlas_pipeline	pending		
images/2062_frame3_bottom_right_frame3_bottom_right.png	image_asset_semantic_name	reuse_via_atlas_pipeline	pending		
images/2063_frame3_filler_top_frame3_filler_top.png	image_asset_semantic_name	reuse_via_atlas_pipeline	pending		
images/2065.png	image_asset_numeric_id	reuse_with_symbol_mapping	pending		
images/2070.png	image_asset_numeric_id	reuse_with_symbol_mapping	pending		
images/2132.jpg	image_asset_numeric_id	reuse_with_symbol_mapping	pending		
images/2135.jpg	image_asset_numeric_id	reuse_with_symbol_mapping	pending		
images/2137.jpg	image_asset_numeric_id	reuse_with_symbol_mapping	pending		
images/2141.png	image_asset_numeric_id	reuse_with_symbol_mapping	pending		
images/2146.png	image_asset_numeric_id	reuse_with_symbol_mapping	pending		
images/2149.png	image_asset_numeric_id	reuse_with_symbol_mapping	pending		
images/2151.png	image_asset_numeric_id	reuse_with_symbol_mapping	pending		
images/2164_isosand3_isosand3.jpg	image_asset_semantic_name	reuse_via_atlas_pipeline	migrated	public/assets/yardbg/sand/2164_isosand3_isosand3.png	Tile legado portado para pipeline local
images/2165_inferno_lava4_inferno_lava4.jpg	image_asset_semantic_name	reuse_via_atlas_pipeline	migrated	public/assets/yardbg/lava/2165_inferno_lava4_inferno_lava4.png	Tile legado portado para pipeline local
images/2166_isosand4_isosand4.jpg	image_asset_semantic_name	reuse_via_atlas_pipeline	migrated	public/assets/yardbg/sand/2166_isosand4_isosand4.png	Tile legado portado para pipeline local
images/2167_isosand1_isosand1.jpg	image_asset_semantic_name	reuse_via_atlas_pipeline	migrated	public/assets/yardbg/sand/2167_isosand1_isosand1.png,src/game/scenes/YardScene.ts	Tile sand legacy integrado ao renderer Pixi com fallback local/CDN
images/2168_isosand2_isosand2.jpg	image_asset_semantic_name	reuse_via_atlas_pipeline	migrated	public/assets/yardbg/sand/2168_isosand2_isosand2.png	Asset legado copiado para pipeline local (ready para variação de tile)
images/2169_inferno_lava1_inferno_lava1.jpg	image_asset_semantic_name	reuse_via_atlas_pipeline	migrated	public/assets/yardbg/lava/2169_inferno_lava1_inferno_lava1.png,src/game/scenes/YardScene.ts	Tile lava legado integrado ao tema inferno
images/2170_inferno_lava3_inferno_lava3.jpg	image_asset_semantic_name	reuse_via_atlas_pipeline	migrated	public/assets/yardbg/lava/2170_inferno_lava3_inferno_lava3.png	Asset legado copiado para variação de tile lava
images/2171_inferno_lava2_inferno_lava2.jpg	image_asset_semantic_name	reuse_via_atlas_pipeline	migrated	public/assets/yardbg/lava/2171_inferno_lava2_inferno_lava2.png	Tile legado portado para pipeline local
images/2172_isograss3_isograss3.png	image_asset_semantic_name	reuse_via_atlas_pipeline	migrated	public/assets/yardbg/grass/2172_isograss3_isograss3.png	Tile legado portado para pipeline local
images/2173_isograss4_isograss4.png	image_asset_semantic_name	reuse_via_atlas_pipeline	migrated	public/assets/yardbg/grass/2173_isograss4_isograss4.png	Tile legado portado para pipeline local
images/2174_isograss1_isograss1.jpg	image_asset_semantic_name	reuse_via_atlas_pipeline	migrated	public/assets/yardbg/grass/2174_isograss1_isograss1.png,src/game/scenes/YardScene.ts	Tile grass legado integrado ao renderer base
images/2175_isograss2_isograss2.png	image_asset_semantic_name	reuse_via_atlas_pipeline	migrated	public/assets/yardbg/grass/2175_isograss2_isograss2.png	Asset legado copiado para variação de tile grass
images/2176_isograss7_isograss7.png	image_asset_semantic_name	reuse_via_atlas_pipeline	migrated	public/assets/yardbg/grass/2176_isograss7_isograss7.png	Tile legado portado para pipeline local
images/2177_isograss5_isograss5.png	image_asset_semantic_name	reuse_via_atlas_pipeline	migrated	public/assets/yardbg/grass/2177_isograss5_isograss5.png	Tile legado portado para pipeline local
images/2178_isograss6_isograss6.png	image_asset_semantic_name	reuse_via_atlas_pipeline	migrated	public/assets/yardbg/grass/2178_isograss6_isograss6.png	Tile legado portado para pipeline local
images/2179_isocrater1_isocrater1.jpg	image_asset_semantic_name	reuse_via_atlas_pipeline	migrated	public/assets/yardbg/crater/2179_isocrater1_isocrater1.png	Tile legado portado para pipeline local
images/2180_isorock1_isorock1.jpg	image_asset_semantic_name	reuse_via_atlas_pipeline	migrated	public/assets/yardbg/rock/2180_isorock1_isorock1.png	Tile legado portado para pipeline local
images/2181_isorock3_isorock3.jpg	image_asset_semantic_name	reuse_via_atlas_pipeline	migrated	public/assets/yardbg/rock/2181_isorock3_isorock3.png	Tile legado portado para pipeline local
images/2182_isorock2_isorock2.jpg	image_asset_semantic_name	reuse_via_atlas_pipeline	migrated	public/assets/yardbg/rock/2182_isorock2_isorock2.png	Tile legado portado para pipeline local
images/2204.png	image_asset_numeric_id	reuse_with_symbol_mapping	pending		
images/2206.png	image_asset_numeric_id	reuse_with_symbol_mapping	pending		
images/2209.jpg	image_asset_numeric_id	reuse_with_symbol_mapping	pending		
images/2211.jpg	image_asset_numeric_id	reuse_with_symbol_mapping	pending		
images/2214.jpg	image_asset_numeric_id	reuse_with_symbol_mapping	pending		
images/2216.jpg	image_asset_numeric_id	reuse_with_symbol_mapping	pending		
images/2330.png	image_asset_numeric_id	reuse_with_symbol_mapping	pending		
images/2339.jpg	image_asset_numeric_id	reuse_with_symbol_mapping	pending		
images/2341.jpg	image_asset_numeric_id	reuse_with_symbol_mapping	pending		
images/2343.jpg	image_asset_numeric_id	reuse_with_symbol_mapping	pending		
images/2345.jpg	image_asset_numeric_id	reuse_with_symbol_mapping	pending		
images/2347.jpg	image_asset_numeric_id	reuse_with_symbol_mapping	pending		
images/2350.png	image_asset_numeric_id	reuse_with_symbol_mapping	pending		
images/2360.png	image_asset_numeric_id	reuse_with_symbol_mapping	pending		
images/2363.png	image_asset_numeric_id	reuse_with_symbol_mapping	pending		
images/2365.png	image_asset_numeric_id	reuse_with_symbol_mapping	pending		
images/2367.png	image_asset_numeric_id	reuse_with_symbol_mapping	pending		
images/2370.png	image_asset_numeric_id	reuse_with_symbol_mapping	pending		
images/2372.png	image_asset_numeric_id	reuse_with_symbol_mapping	pending		
images/2376.png	image_asset_numeric_id	reuse_with_symbol_mapping	pending		
images/2378.png	image_asset_numeric_id	reuse_with_symbol_mapping	pending		
images/2417.jpg	image_asset_numeric_id	reuse_with_symbol_mapping	pending		
images/2442.jpg	image_asset_numeric_id	reuse_with_symbol_mapping	pending		
images/2460.png	image_asset_numeric_id	reuse_with_symbol_mapping	pending		
images/2462.png	image_asset_numeric_id	reuse_with_symbol_mapping	pending		
images/2469.jpg	image_asset_numeric_id	reuse_with_symbol_mapping	pending		
images/2471.jpg	image_asset_numeric_id	reuse_with_symbol_mapping	pending		
images/2494.jpg	image_asset_numeric_id	reuse_with_symbol_mapping	pending		
images/2496.jpg	image_asset_numeric_id	reuse_with_symbol_mapping	pending		
images/2515.png	image_asset_numeric_id	reuse_with_symbol_mapping	pending		
images/2518.png	image_asset_numeric_id	reuse_with_symbol_mapping	pending		
images/2546.png	image_asset_numeric_id	reuse_with_symbol_mapping	pending		
images/2548.png	image_asset_numeric_id	reuse_with_symbol_mapping	pending		
images/255.png	image_asset_numeric_id	reuse_with_symbol_mapping	pending		
images/259.png	image_asset_numeric_id	reuse_with_symbol_mapping	pending		
images/264.png	image_asset_numeric_id	reuse_with_symbol_mapping	pending		
images/2654_screenshot_border3_screenshot_border3.png	image_asset_semantic_name	reuse_via_atlas_pipeline	pending		
images/2655_screenshot_border2_screenshot_border2.png	image_asset_semantic_name	reuse_via_atlas_pipeline	pending		
images/2656_screenshot_border1_screenshot_border1.png	image_asset_semantic_name	reuse_via_atlas_pipeline	pending		
images/2671_frame1_bottom_left_frame1_bottom_left.png	image_asset_semantic_name	reuse_via_atlas_pipeline	pending		
images/2672_frame1_bottom_middle_frame1_bottom_middle.png	image_asset_semantic_name	reuse_via_atlas_pipeline	pending		
images/2673_frame1_top_right_frame1_top_right.png	image_asset_semantic_name	reuse_via_atlas_pipeline	pending		
images/2674_frame1_button_fullscreen_frame1_button_fullscreen.png	image_asset_semantic_name	reuse_via_atlas_pipeline	pending		
images/2675_frame1_filler_left_frame1_filler_left.png	image_asset_semantic_name	reuse_via_atlas_pipeline	pending		
images/2676_frame1_bottom_right_frame1_bottom_right.png	image_asset_semantic_name	reuse_via_atlas_pipeline	pending		
images/2677_frame1_filler_right_frame1_filler_right.png	image_asset_semantic_name	reuse_via_atlas_pipeline	pending		
images/2678_frame1_filler_bottom_frame1_filler_bottom.png	image_asset_semantic_name	reuse_via_atlas_pipeline	pending		
images/2679_frame1_button_help_frame1_button_help.png	image_asset_semantic_name	reuse_via_atlas_pipeline	pending		
images/2680_frame1_top_middle_frame1_top_middle.png	image_asset_semantic_name	reuse_via_atlas_pipeline	pending		
images/2681_frame1_filler_top_frame1_filler_top.png	image_asset_semantic_name	reuse_via_atlas_pipeline	pending		
images/2682_frame1_top_middle_2_frame1_top_middle_2.png	image_asset_semantic_name	reuse_via_atlas_pipeline	pending		
images/2683_frame1_top_left_frame1_top_left.png	image_asset_semantic_name	reuse_via_atlas_pipeline	pending		
images/2684_frame1_button_close_frame1_button_close.png	image_asset_semantic_name	reuse_via_atlas_pipeline	pending		
images/2724.png	image_asset_numeric_id	reuse_with_symbol_mapping	pending		
images/2728.jpg	image_asset_numeric_id	reuse_with_symbol_mapping	pending		
images/2736.png	image_asset_numeric_id	reuse_with_symbol_mapping	pending		
images/2740.png	image_asset_numeric_id	reuse_with_symbol_mapping	pending		
images/2744.png	image_asset_numeric_id	reuse_with_symbol_mapping	pending		
images/2748.png	image_asset_numeric_id	reuse_with_symbol_mapping	pending		
images/275.jpg	image_asset_numeric_id	reuse_with_symbol_mapping	pending		
images/2752.png	image_asset_numeric_id	reuse_with_symbol_mapping	pending		
images/2756.png	image_asset_numeric_id	reuse_with_symbol_mapping	pending		
images/2760.png	image_asset_numeric_id	reuse_with_symbol_mapping	pending		
images/2767.png	image_asset_numeric_id	reuse_with_symbol_mapping	pending		
images/2772.jpg	image_asset_numeric_id	reuse_with_symbol_mapping	pending		
images/2777_pushpins_pushpins.png	image_asset_semantic_name	reuse_via_atlas_pipeline	pending		
images/2778_pin_shadow_pin_shadow.png	image_asset_semantic_name	reuse_via_atlas_pipeline	pending		
images/2787.png	image_asset_numeric_id	reuse_with_symbol_mapping	pending		
images/2820.jpg	image_asset_numeric_id	reuse_with_symbol_mapping	pending		
images/2823.png	image_asset_numeric_id	reuse_with_symbol_mapping	pending		
images/2826.png	image_asset_numeric_id	reuse_with_symbol_mapping	pending		
images/2830.png	image_asset_numeric_id	reuse_with_symbol_mapping	pending		
images/2835.png	image_asset_numeric_id	reuse_with_symbol_mapping	pending		
images/2854.png	image_asset_numeric_id	reuse_with_symbol_mapping	pending		
images/2856.png	image_asset_numeric_id	reuse_with_symbol_mapping	pending		
images/2862.png	image_asset_numeric_id	reuse_with_symbol_mapping	pending		
images/2982.png	image_asset_numeric_id	reuse_with_symbol_mapping	pending		
images/2983.png	image_asset_numeric_id	reuse_with_symbol_mapping	pending		
images/2986.png	image_asset_numeric_id	reuse_with_symbol_mapping	pending		
images/2989.png	image_asset_numeric_id	reuse_with_symbol_mapping	pending		
images/2992.png	image_asset_numeric_id	reuse_with_symbol_mapping	pending		
images/2996.png	image_asset_numeric_id	reuse_with_symbol_mapping	pending		
images/3002.png	image_asset_numeric_id	reuse_with_symbol_mapping	pending		
images/3004.png	image_asset_numeric_id	reuse_with_symbol_mapping	pending		
images/306.png	image_asset_numeric_id	reuse_with_symbol_mapping	pending		
images/3069.jpg	image_asset_numeric_id	reuse_with_symbol_mapping	pending		
images/3071.png	image_asset_numeric_id	reuse_with_symbol_mapping	pending		
images/308.jpg	image_asset_numeric_id	reuse_with_symbol_mapping	pending		
images/3080.png	image_asset_numeric_id	reuse_with_symbol_mapping	pending		
images/310.jpg	image_asset_numeric_id	reuse_with_symbol_mapping	pending		
images/312.jpg	image_asset_numeric_id	reuse_with_symbol_mapping	pending		
images/3122.png	image_asset_numeric_id	reuse_with_symbol_mapping	pending		
images/3125.jpg	image_asset_numeric_id	reuse_with_symbol_mapping	pending		
images/3128.jpg	image_asset_numeric_id	reuse_with_symbol_mapping	pending		
images/3131.png	image_asset_numeric_id	reuse_with_symbol_mapping	pending		
images/3134.png	image_asset_numeric_id	reuse_with_symbol_mapping	pending		
images/3137.png	image_asset_numeric_id	reuse_with_symbol_mapping	pending		
images/314.jpg	image_asset_numeric_id	reuse_with_symbol_mapping	pending		
images/347.png	image_asset_numeric_id	reuse_with_symbol_mapping	pending		
images/363.jpg	image_asset_numeric_id	reuse_with_symbol_mapping	pending		
images/365.jpg	image_asset_numeric_id	reuse_with_symbol_mapping	pending		
images/368.jpg	image_asset_numeric_id	reuse_with_symbol_mapping	pending		
images/370.jpg	image_asset_numeric_id	reuse_with_symbol_mapping	pending		
images/372.jpg	image_asset_numeric_id	reuse_with_symbol_mapping	pending		
images/374.jpg	image_asset_numeric_id	reuse_with_symbol_mapping	pending		
images/376.jpg	image_asset_numeric_id	reuse_with_symbol_mapping	pending		
images/378.jpg	image_asset_numeric_id	reuse_with_symbol_mapping	pending		
images/380.jpg	image_asset_numeric_id	reuse_with_symbol_mapping	pending		
images/382.jpg	image_asset_numeric_id	reuse_with_symbol_mapping	pending		
images/384.jpg	image_asset_numeric_id	reuse_with_symbol_mapping	pending		
images/386.jpg	image_asset_numeric_id	reuse_with_symbol_mapping	pending		
images/388.jpg	image_asset_numeric_id	reuse_with_symbol_mapping	pending		
images/39.png	image_asset_numeric_id	reuse_with_symbol_mapping	pending		
images/390.jpg	image_asset_numeric_id	reuse_with_symbol_mapping	pending		
images/392.jpg	image_asset_numeric_id	reuse_with_symbol_mapping	pending		
images/394.jpg	image_asset_numeric_id	reuse_with_symbol_mapping	pending		
images/396.jpg	image_asset_numeric_id	reuse_with_symbol_mapping	pending		
images/398.jpg	image_asset_numeric_id	reuse_with_symbol_mapping	pending		
images/400.jpg	image_asset_numeric_id	reuse_with_symbol_mapping	pending		
images/402.jpg	image_asset_numeric_id	reuse_with_symbol_mapping	pending		
images/404.jpg	image_asset_numeric_id	reuse_with_symbol_mapping	pending		
images/406.jpg	image_asset_numeric_id	reuse_with_symbol_mapping	pending		
images/408.jpg	image_asset_numeric_id	reuse_with_symbol_mapping	pending		
images/410.jpg	image_asset_numeric_id	reuse_with_symbol_mapping	pending		
images/412.jpg	image_asset_numeric_id	reuse_with_symbol_mapping	pending		
images/414.jpg	image_asset_numeric_id	reuse_with_symbol_mapping	pending		
images/416.jpg	image_asset_numeric_id	reuse_with_symbol_mapping	pending		
images/418.jpg	image_asset_numeric_id	reuse_with_symbol_mapping	pending		
images/420.jpg	image_asset_numeric_id	reuse_with_symbol_mapping	pending		
images/422.jpg	image_asset_numeric_id	reuse_with_symbol_mapping	pending		
images/424.jpg	image_asset_numeric_id	reuse_with_symbol_mapping	pending		
images/426.jpg	image_asset_numeric_id	reuse_with_symbol_mapping	pending		
images/428.jpg	image_asset_numeric_id	reuse_with_symbol_mapping	pending		
images/430.jpg	image_asset_numeric_id	reuse_with_symbol_mapping	pending		
images/432.jpg	image_asset_numeric_id	reuse_with_symbol_mapping	pending		
images/434.jpg	image_asset_numeric_id	reuse_with_symbol_mapping	pending		
images/436.jpg	image_asset_numeric_id	reuse_with_symbol_mapping	pending		
images/438.jpg	image_asset_numeric_id	reuse_with_symbol_mapping	pending		
images/440.jpg	image_asset_numeric_id	reuse_with_symbol_mapping	pending		
images/442.jpg	image_asset_numeric_id	reuse_with_symbol_mapping	pending		
images/444.jpg	image_asset_numeric_id	reuse_with_symbol_mapping	pending		
images/446.jpg	image_asset_numeric_id	reuse_with_symbol_mapping	pending		
images/448.jpg	image_asset_numeric_id	reuse_with_symbol_mapping	pending		
images/450.jpg	image_asset_numeric_id	reuse_with_symbol_mapping	pending		
images/452.jpg	image_asset_numeric_id	reuse_with_symbol_mapping	pending		
images/454.jpg	image_asset_numeric_id	reuse_with_symbol_mapping	pending		
images/456.jpg	image_asset_numeric_id	reuse_with_symbol_mapping	pending		
images/458.jpg	image_asset_numeric_id	reuse_with_symbol_mapping	pending		
images/46.png	image_asset_numeric_id	reuse_with_symbol_mapping	pending		
images/460.jpg	image_asset_numeric_id	reuse_with_symbol_mapping	pending		
images/462.jpg	image_asset_numeric_id	reuse_with_symbol_mapping	pending		
images/464.jpg	image_asset_numeric_id	reuse_with_symbol_mapping	pending		
images/466.jpg	image_asset_numeric_id	reuse_with_symbol_mapping	pending		
images/468.jpg	image_asset_numeric_id	reuse_with_symbol_mapping	pending		
images/470.jpg	image_asset_numeric_id	reuse_with_symbol_mapping	pending		
images/472.jpg	image_asset_numeric_id	reuse_with_symbol_mapping	pending		
images/474.jpg	image_asset_numeric_id	reuse_with_symbol_mapping	pending		
images/477.jpg	image_asset_numeric_id	reuse_with_symbol_mapping	pending		
images/482.png	image_asset_numeric_id	reuse_with_symbol_mapping	pending		
images/49.png	image_asset_numeric_id	reuse_with_symbol_mapping	pending		
images/508.jpg	image_asset_numeric_id	reuse_with_symbol_mapping	pending		
images/516.png	image_asset_numeric_id	reuse_with_symbol_mapping	pending		
images/536.png	image_asset_numeric_id	reuse_with_symbol_mapping	pending		
images/537.jpg	image_asset_numeric_id	reuse_with_symbol_mapping	pending		
images/55.png	image_asset_numeric_id	reuse_with_symbol_mapping	pending		
images/551.png	image_asset_numeric_id	reuse_with_symbol_mapping	pending		
images/557.png	image_asset_numeric_id	reuse_with_symbol_mapping	pending		
images/564.png	image_asset_numeric_id	reuse_with_symbol_mapping	pending		
images/567.png	image_asset_numeric_id	reuse_with_symbol_mapping	pending		
images/571.png	image_asset_numeric_id	reuse_with_symbol_mapping	pending		
images/574.png	image_asset_numeric_id	reuse_with_symbol_mapping	pending		
images/581.png	image_asset_numeric_id	reuse_with_symbol_mapping	pending		
images/593.png	image_asset_numeric_id	reuse_with_symbol_mapping	pending		
images/598.png	image_asset_numeric_id	reuse_with_symbol_mapping	pending		
images/606.png	image_asset_numeric_id	reuse_with_symbol_mapping	pending		
images/609.png	image_asset_numeric_id	reuse_with_symbol_mapping	pending		
images/612.png	image_asset_numeric_id	reuse_with_symbol_mapping	pending		
images/618.png	image_asset_numeric_id	reuse_with_symbol_mapping	pending		
images/622.png	image_asset_numeric_id	reuse_with_symbol_mapping	pending		
images/625.png	image_asset_numeric_id	reuse_with_symbol_mapping	pending		
images/646.png	image_asset_numeric_id	reuse_with_symbol_mapping	pending		
images/650.png	image_asset_numeric_id	reuse_with_symbol_mapping	pending		
images/659.png	image_asset_numeric_id	reuse_with_symbol_mapping	pending		
images/66.png	image_asset_numeric_id	reuse_with_symbol_mapping	pending		
images/674.png	image_asset_numeric_id	reuse_with_symbol_mapping	pending		
images/679.jpg	image_asset_numeric_id	reuse_with_symbol_mapping	pending		
images/681.png	image_asset_numeric_id	reuse_with_symbol_mapping	pending		
images/684.png	image_asset_numeric_id	reuse_with_symbol_mapping	pending		
images/687.png	image_asset_numeric_id	reuse_with_symbol_mapping	pending		
images/690.png	image_asset_numeric_id	reuse_with_symbol_mapping	pending		
images/696.jpg	image_asset_numeric_id	reuse_with_symbol_mapping	pending		
images/87.png	image_asset_numeric_id	reuse_with_symbol_mapping	pending		
morphshapes/1817.swf	flash_binary_morphshape	extract_and_convert	pending		
scripts/ACADEMY.as	core_gameplay_or_flow	split_port	pending		
scripts/ACADEMYPOPUP.as	ui_behavior_flash	rewrite_ui	pending		
scripts/ACADEMYPOPUP_CLIP.as	flash_symbol_wrapper	reference_only	pending		
scripts/ACHIEVEMENTS.as	core_gameplay_or_flow	split_port	pending		
scripts/AIATTACKPOPUP_CLIP.as	flash_symbol_wrapper	reference_only	pending		
scripts/ATTACK.as	core_gameplay_or_flow	split_port	in_progress	server/src/controllers/combat/startReplay.ts,server/src/controllers/combat/streamReplay.ts,server/src/services/combat/replayEngine.ts,src/lib/contracts/combat.ts	Baseline de replay autoritativo migrado (start + stream SSE); regras completas ainda pendentes (E05-S02)
scripts/BASE.as	core_gameplay_or_flow	split_port	in_progress	server/src/controllers/cmd/cmd.ts,server/src/services/state/normalizeState.ts,server/src/controllers/state/getState.ts,src/game/scenes/YardScene.ts,server/src/controllers/base/save/baseSave.ts	Fluxo core expandido com footprint/render de área, snapshot canônico `/state` e gate de deprecação gradual de base/save para next-client
scripts/BDECORATION.as	building_gameplay_logic	port_rules_and_data	pending		
scripts/BEXPIRABLE.as	building_gameplay_logic	port_rules_and_data	pending		
scripts/BFOUNDATION.as	building_gameplay_logic	port_rules_and_data	in_progress	server/src/controllers/cmd/cmd.ts,server/src/utils/buildingFootprint.ts,src/lib/base/footprint.ts	Regras de footprint/ocupação migradas parcialmente para contratos autoritativos
scripts/BHEAVYTRAP.as	building_gameplay_logic	port_rules_and_data	pending		
scripts/BMUSHROOM.as	building_gameplay_logic	port_rules_and_data	pending		
scripts/BRESOURCE.as	building_gameplay_logic	port_rules_and_data	in_progress	server/src/controllers/cmd/cmd.ts,src/lib/game/cmdDelta.ts,src/game/scenes/YardScene.ts	Produção/coleta de resource migrada via CollectHarvester + setResources
scripts/BSTORAGE.as	building_gameplay_logic	port_rules_and_data	pending		
scripts/BTOTEM.as	building_gameplay_logic	port_rules_and_data	pending		
scripts/BTOWER.as	building_gameplay_logic	port_rules_and_data	pending		
scripts/BTRAP.as	building_gameplay_logic	port_rules_and_data	pending		
scripts/BUILDING1.as	building_gameplay_logic	port_rules_and_data	pending		
scripts/BUILDING10.as	building_gameplay_logic	port_rules_and_data	pending		
scripts/BUILDING11.as	building_gameplay_logic	port_rules_and_data	pending		
scripts/BUILDING112.as	building_gameplay_logic	port_rules_and_data	pending		
scripts/BUILDING113.as	building_gameplay_logic	port_rules_and_data	pending		
scripts/BUILDING115.as	building_gameplay_logic	port_rules_and_data	pending		
scripts/BUILDING117.as	building_gameplay_logic	port_rules_and_data	pending		
scripts/BUILDING118.as	building_gameplay_logic	port_rules_and_data	pending		
scripts/BUILDING12.as	building_gameplay_logic	port_rules_and_data	pending		
scripts/BUILDING13.as	building_gameplay_logic	port_rules_and_data	pending		
scripts/BUILDING14.as	building_gameplay_logic	port_rules_and_data	in_progress	src/lib/base/footprint.ts,server/src/utils/buildingFootprint.ts,server/src/controllers/cmd/cmd.ts	TownHall/hq com footprint legado aplicado em place/move server-authoritative
scripts/BUILDING15.as	building_gameplay_logic	port_rules_and_data	pending		
scripts/BUILDING16.as	building_gameplay_logic	port_rules_and_data	pending		
scripts/BUILDING17.as	building_gameplay_logic	port_rules_and_data	pending		
scripts/BUILDING18.as	building_gameplay_logic	port_rules_and_data	pending		
scripts/BUILDING19.as	building_gameplay_logic	port_rules_and_data	pending		
scripts/BUILDING2.as	building_gameplay_logic	port_rules_and_data	pending		
scripts/BUILDING20.as	building_gameplay_logic	port_rules_and_data	pending		
scripts/BUILDING21.as	building_gameplay_logic	port_rules_and_data	pending		
scripts/BUILDING22.as	building_gameplay_logic	port_rules_and_data	pending		
scripts/BUILDING23.as	building_gameplay_logic	port_rules_and_data	pending		
scripts/BUILDING24.as	building_gameplay_logic	port_rules_and_data	pending		
scripts/BUILDING25.as	building_gameplay_logic	port_rules_and_data	pending		
scripts/BUILDING26.as	building_gameplay_logic	port_rules_and_data	pending		
scripts/BUILDING27.as	building_gameplay_logic	port_rules_and_data	pending		
scripts/BUILDING3.as	building_gameplay_logic	port_rules_and_data	pending		
scripts/BUILDING4.as	building_gameplay_logic	port_rules_and_data	pending		
scripts/BUILDING5.as	building_gameplay_logic	port_rules_and_data	pending		
scripts/BUILDING51.as	building_gameplay_logic	port_rules_and_data	pending		
scripts/BUILDING52.as	building_gameplay_logic	port_rules_and_data	pending		
scripts/BUILDING6.as	building_gameplay_logic	port_rules_and_data	pending		
scripts/BUILDING7.as	building_gameplay_logic	port_rules_and_data	pending		
scripts/BUILDING8.as	building_gameplay_logic	port_rules_and_data	pending		
scripts/BUILDING9.as	building_gameplay_logic	port_rules_and_data	pending		
scripts/BUILDINGBUTTON.as	core_gameplay_or_flow	split_port	pending		
scripts/BUILDINGBUTTONSOON.as	flash_symbol_wrapper	reference_only	pending		
scripts/BUILDINGBUTTON_CLIP.as	flash_symbol_wrapper	reference_only	pending		
scripts/BUILDINGINFO.as	core_gameplay_or_flow	split_port	pending		
scripts/BUILDINGOPTIONS.as	core_gameplay_or_flow	split_port	migrated	src/game/scenes/YardScene.ts,src/lib/base/buildingType.ts,server/src/controllers/cmd/cmd.ts,src/lib/game/cmdDelta.ts	Painel operacional de building migrado para overlay HTML no novo client (place/move/upgrade/cancel/collect) com execução server-authoritative via /cmd
scripts/BUILDINGOPTIONSPOPUP.as	ui_behavior_flash	rewrite_ui	migrated	src/game/scenes/YardScene.ts	Popup legado substituído por painel runtime (Building Ops) no Yard com paridade operacional
scripts/BUILDINGOPTIONSPOPUP_CLIP.as	flash_symbol_wrapper	reference_only	archived	src/game/scenes/YardScene.ts	Símbolo Flash desativado; equivalente funcional implementado em overlay HTML (Building Ops)
scripts/BUILDINGS.as	core_gameplay_or_flow	split_port	in_progress	server/src/controllers/state/getState.ts,src/lib/base/stateSnapshot.ts,src/game/scenes/YardScene.ts,src/lib/base/buildingType.ts	Estado canônico + render no Yard migrados; catálogo legado inicial e filtros de tipo portados, faltando paridade total de catálogo visual/compras
scripts/BUILDINGSARROW.as	flash_symbol_wrapper	reference_only	pending		
scripts/BUILDINGSPOPUP.as	core_gameplay_or_flow	split_port	pending		
scripts/BUILDINGSPOPUPINFO_CLIP.as	flash_symbol_wrapper	reference_only	pending		
scripts/BUILDINGSPOPUP_CLIP.as	flash_symbol_wrapper	reference_only	pending		
scripts/BUY.as	core_gameplay_or_flow	split_port	pending		
scripts/BWALL.as	building_gameplay_logic	port_rules_and_data	pending		
scripts/BasePlannerPopup_BottomLayout.as	flash_symbol_wrapper	reference_only	pending		
scripts/BasePlannerPopup_CLIP.as	flash_symbol_wrapper	reference_only	pending		
scripts/BasePlannerPopup_DisplayItem_Building.as	flash_symbol_wrapper	reference_only	pending		
scripts/BasePlannerPopup_DisplayViewContainer.as	flash_symbol_wrapper	reference_only	pending		
scripts/BasePlannerPopup_ExplorerCanvas.as	flash_symbol_wrapper	reference_only	pending		
scripts/BasePlannerPopup_ExplorerContainer.as	flash_symbol_wrapper	reference_only	pending		
scripts/BasePlannerPopup_ExplorerFrame.as	flash_symbol_wrapper	reference_only	pending		
scripts/BasePlannerPopup_ExplorerHeader.as	flash_symbol_wrapper	reference_only	pending		
scripts/BasePlannerPopup_ExplorerItem_Category.as	flash_symbol_wrapper	reference_only	pending		
scripts/BasePlannerPopup_ExplorerItem_Type.as	flash_symbol_wrapper	reference_only	pending		
scripts/BasePlannerPopup_ToolTip.as	flash_symbol_wrapper	reference_only	pending		
scripts/BasePlannerPopup_ToolsButton_Move.as	flash_symbol_wrapper	reference_only	pending		
scripts/BasePlannerPopup_ToolsButton_Store.as	flash_symbol_wrapper	reference_only	pending		
scripts/BasePlannerPopup_ToolsLayout.as	flash_symbol_wrapper	reference_only	pending		
scripts/BasePlannerPopup_ZoomLayout.as	flash_symbol_wrapper	reference_only	pending		
scripts/BasePlannerPopup_xSpot.as	flash_symbol_wrapper	reference_only	pending		
scripts/BasePlannerTransferConfirmation_CLIP.as	flash_symbol_wrapper	reference_only	pending		
scripts/BasePlannerTransferRow_CLIP.as	flash_symbol_wrapper	reference_only	pending		
scripts/BasePlannerTransfer_CLIP.as	flash_symbol_wrapper	reference_only	pending		
scripts/BasePlanner_FrameMask.as	flash_symbol_wrapper	reference_only	pending		
scripts/BasePlanner_fla/CheckBox_3.as	flash_symbol_wrapper	reference_only	pending		
scripts/BlackSpurtzCannon.as	misc_actionscript	analyze_case_by_case	pending		
scripts/Bunker.as	building_gameplay_logic	port_rules_and_data	pending		
scripts/Button.as	ui_behavior_flash	rewrite_ui	pending		
scripts/ButtonBrown.as	ui_behavior_flash	rewrite_ui	pending		
scripts/ButtonBrown_CLIP.as	flash_symbol_wrapper	reference_only	pending		
scripts/Button_CLIP.as	flash_symbol_wrapper	reference_only	pending		
scripts/CATAPULTITEM.as	core_gameplay_or_flow	split_port	pending		
scripts/CATAPULTITEM_view.as	flash_symbol_wrapper	reference_only	pending		
scripts/CATAPULTPOPUP.as	core_gameplay_or_flow	split_port	pending		
scripts/CATAPULTPOPUP_view.as	flash_symbol_wrapper	reference_only	pending		
scripts/CHAMPIONBUTTON.as	ui_behavior_flash	rewrite_ui	pending		
scripts/CHAMPIONCAGE.as	building_gameplay_logic	port_rules_and_data	pending		
scripts/CHAMPIONCAGEPOPUP.as	core_gameplay_or_flow	split_port	pending		
scripts/CHAMPIONCHAMBER.as	building_gameplay_logic	port_rules_and_data	pending		
scripts/CHAMPIONCHAMBERPOPUP.as	core_gameplay_or_flow	split_port	pending		
scripts/CHAMPIONNAMEPOPUP.as	core_gameplay_or_flow	split_port	pending		
scripts/CHAMPIONSELECTPOPUP.as	core_gameplay_or_flow	split_port	pending		
scripts/CHECKER.as	misc_actionscript	analyze_case_by_case	pending		
scripts/CREATUREBUTTON.as	ui_behavior_flash	rewrite_ui	pending		
scripts/CREATUREBUTTON_CLIP.as	flash_symbol_wrapper	reference_only	pending		
scripts/CREATURELOCKER.as	core_gameplay_or_flow	split_port	pending		
scripts/CREATURELOCKERPOPUP.as	core_gameplay_or_flow	split_port	pending		
scripts/CREATURELOCKERPOPUP_CLIP.as	flash_symbol_wrapper	reference_only	pending		
scripts/CREATURES.as	core_gameplay_or_flow	split_port	pending		
scripts/CREEPS.as	core_gameplay_or_flow	split_port	pending		
scripts/CUSTOMATTACKS.as	core_gameplay_or_flow	split_port	pending		
scripts/CarouselCategoryButton2.as	flash_symbol_wrapper	reference_only	pending		
scripts/ChampionChamberFrozen.as	flash_symbol_wrapper	reference_only	pending		
scripts/ChatBox_CLIP.as	flash_symbol_wrapper	reference_only	pending		
scripts/ChatBox_msg_CLIP.as	flash_symbol_wrapper	reference_only	pending		
scripts/ChatBox_msg_name_CLIP.as	flash_symbol_wrapper	reference_only	pending		
scripts/ChatUI_fla/ChatBox_ignoreBtn_17.as	flash_symbol_wrapper	reference_only	pending		
scripts/ChatUI_fla/ChatBox_msg_bg_16.as	flash_symbol_wrapper	reference_only	pending		
scripts/ChatUI_fla/chat_window_box_10.as	flash_symbol_wrapper	reference_only	pending		
scripts/CheckBox_CLIP.as	flash_symbol_wrapper	reference_only	pending		
scripts/CheckBox_disabledIcon.as	flash_symbol_wrapper	reference_only	pending		
scripts/CheckBox_downIcon.as	flash_symbol_wrapper	reference_only	pending		
scripts/CheckBox_overIcon.as	flash_symbol_wrapper	reference_only	pending		
scripts/CheckBox_selectedDisabledIcon.as	flash_symbol_wrapper	reference_only	pending		
scripts/CheckBox_selectedDownIcon.as	flash_symbol_wrapper	reference_only	pending		
scripts/CheckBox_selectedOverIcon.as	flash_symbol_wrapper	reference_only	pending		
scripts/CheckBox_selectedUpIcon.as	flash_symbol_wrapper	reference_only	pending		
scripts/CheckBox_upIcon.as	flash_symbol_wrapper	reference_only	pending		
scripts/Checkbox.as	ui_behavior_flash	rewrite_ui	pending		
scripts/CreatureLockerItem.as	flash_symbol_wrapper	reference_only	pending		
scripts/DEFENSEEVENTPOPUP.as	ui_behavior_flash	rewrite_ui	pending		
scripts/DEFENSEEVENTPOPUP_CLIP.as	flash_symbol_wrapper	reference_only	pending		
scripts/DEFENSEEVENTPOPUP_WM1.as	ui_behavior_flash	rewrite_ui	pending		
scripts/DROPZONE.as	core_gameplay_or_flow	split_port	pending		
scripts/DROPZONE_CLIP.as	flash_symbol_wrapper	reference_only	pending		
scripts/Dynamic.as	misc_actionscript	analyze_case_by_case	pending		
scripts/EFFECTS.as	core_gameplay_or_flow	split_port	pending		
scripts/ERRORMESSAGE.as	ui_behavior_flash	rewrite_ui	in_progress	server/src/middleware/clientSafeError.ts,src/lib/api/client.ts,src/lib/contracts/http.ts,src/game/scenes/LoginScene.ts	Erro estruturado legado mapeado para UX no novo client (code/traceId/issues), sem leak de stack em produção; modal global full-stop ainda pendente
scripts/ERRORMESSAGE_CLIP.as	flash_symbol_wrapper	reference_only	pending		
scripts/EventRewardRibbon.as	flash_symbol_wrapper	reference_only	pending		
scripts/EventStoreDisplayItem.as	flash_symbol_wrapper	reference_only	pending		
scripts/EventStoreItemSelectedPopupMC.as	flash_symbol_wrapper	reference_only	pending		
scripts/EventStorePopupMC.as	flash_symbol_wrapper	reference_only	pending		
